Name,FASTA_sequence,E_value,Score,Bias,Tbox_start,Tbox_end,CM_accuracy,GC,Sequence,Structure,s1_start,s1_loop_start,s1_loop_end,s1_end,antiterm_start,antiterm_end,term_start,term_end,codon_start,codon_end,codon,codon_region,discrim_start,discrim_end,discriminator,other_stems,vienna_antiterminator_energy,whole_term_structure,folded_antiterm_structure,best_tRNA,best_tRNA_score,best_tRNA_descriptions,unique_name,tbox_url,predicted_aminoacid,predicted_tRNA_family,accession_url,accession_url_html,accession_name,locus_start,tbox_length,locus_end,locus_view_start,locus_view_end,direction_label,tRNA_search,codon_search,disc_search,aminoacid_search,anti_g_used,deltadelta_g,data_source,data_source_url,GBSeq_organism,new_term_energy,downstream_protein,downstream_protein_id,downstream_protein_EC,phylum,class,order,family,genus,whole_antiterm_structure,whole_antiterm_warnings,term_sequence,term_structure,term_energy,term_errors,antiterm_term_sequence,infernal_antiterminator_structure,vienna_antiterminator_structure,vienna_antiterminator_errors,terminator_structure,terminator_energy,terminator_errors,new_term_structure,new_term_errors,Trimmed_sequence,Trimmed_antiterm_struct,Trimmed_term_struct,web_at_image,web_te_image,web_at_struct,web_te_struct,web_downstream_protein,web_downstream_protein_id,web_trna,web_best_trna
CP014806.1:3023876-3024138,TTTAACACGATGATAGGAAGCAGTAGCAGGCACGTTTTTTTAAAGAGAGTCGATGGTAGGTGCGAATCGATAAAAACACTTGTGAATCCGTCCTTGAGTTGCTCAGCTGAACGTTAGTAGGCTGCAGCCGGTTAATAGCCGTTACAAAATGAGTGGATTAGGCATTGGTCTAGTCAATTAGGGTGGCAACGCGGGTATGCTCTCGTCCCTTCATGGGGATGAGGGCTTTTTT,3.8999999999999996e-32,135.7,0.0,1,213,0.96,0.46,UUUAACACGAUGAUAGGAAGCAGUAGCAGGCAC-GUUUUUUUAAAGAGAGUCGAUGGUAGGUGCGAAUCGAUAAAAAC--ACUUGUGAA-UCCGUCCUUGAGUUGCUCAGCUGAA--CGUUAGUAGGCUGcAGCCGGUUAAuAGCCGUUA-----CAAAAUGAGUGGAUUAGGC--AUUGGUCUAGUCAAUUAGGGUGGCAACGCGGGUAUGCUCUCGUCCCUUCA,"::::::<<------<<<<-------<<<<<<-------<<<--------<<<<<<___________>>>>>>>>>----->>>>>>-------->>>>--->>,,<<<<<<<_____________>>>>>.>>,<<<____.__>>>,,,,,,,,,,,,,,,,,,,<<<<<<<________>>>>>>>,,,,<<<<-------<<<<<______>>>>>>>>>:::",7,84,91,99,180,210,199,232,87,89,UCC,AUCCG,184,187,UGGC,"[[7, 99], [102, 127], [129, 141], [156, 175], [180, 210]]",-7.9,......((......((((.......((((((......(((........((((((...........)))))))))...)))))).......))))...))..(((((((...........))))).)).(((.......)))..............(((((((......))))))).......................((((((((((((....))))))))))))......,......((......((((.......((((((......(((........((((((...........)))))))))...)))))).......))))...))..(((((((...........))))).)).(((.......)))..............(((((((......)))))))....((((.......(((((......)))))))))......................,GGAGAGTTGTCCGAGTGGCCGAAGGAGCACGATTGGAAATCGTGTAGGCGGGTAACCCTGTCTCAAGGGTTCAAATCCCTTACTCTCCGCCA,79.3,CP014806.1.trna50 CP014806.1:2187337-2187428 (-) Ser (GGA) 92 bp Sc: 79.3,0HLZC5DF,<a href=tboxes/0HLZC5DF.html >0HLZC5DF</a>,SER,SER (GGA),https://www.ncbi.nlm.nih.gov/nuccore/CP014806?report=genbank&from=3023876&to=3024107,<a href=https://www.ncbi.nlm.nih.gov/nuccore/CP014806?report=genbank&from=3023876&to=3024107>CP014806</a>,CP014806,3023876,232,3024107,3023376,3029107,T%96Box%3E%3E%3E,trna=TRUE,codon=UCC,disc=UGGC,aa=SER,-7.9,-14.0,RFAM,https://rfam.xfam.org/family/RF00230,Rummeliibacillus stabekisii,-21.9,serine--tRNA ligase,gb|AMX00643.1||gnl|PRJNA304612|ATY39_15195,,Firmicutes,Bacilli,Bacillales,Planococcaceae,Rummeliibacillus,......((......((((.......((((((......(((........((((((...........)))))))))...)))))).......))))...))..(((((((...........))))).)).(((.......)))..............(((((((......)))))))....((((.......(((((......)))))))))......................,,AACGCGGGTATGCTCTCGTCCCTTCATGGGGATGAGGGCTTTTTT,...........((((((((((((....))))))))))))......,-21.9,,AGGGTGGCAACGCGGGTATGCTCTCGTCCCTTCATGGGGATGAGGGCTTTTTT,((((.......(((((......)))))))))......................,((((.......(((((......)))))))))......................,,...................((((((((((((....))))))))))))......,-21.9,,...................((((((((((((....))))))))))))......,,TTTAACACGATGATAGGAAGCAGTAGCAGGCACGTTTTTTTAAAGAGAGTCGATGGTAGGTGCGAATCGATAAAAACACTTGTGAATCCGTCCTTGAGTTGCTCAGCTGAACGTTAGTAGGCTGCAGCCGGTTAATAGCCGTTACAAAATGAGTGGATTAGGCATTGGTCTAGTCAATTAGGGTGGCAACGCGGGTATGCTCTCGTCCCTTCATGGGGATGAGGGCTTTTTT,......((......((((.......((((((......(((........((((((...........)))))))))...)))))).......))))...))..(((((((...........))))).)).(((.......)))..............(((((((......)))))))....((((.......(((((......)))))))))......................,......((......((((.......((((((......(((........((((((...........)))))))))...)))))).......))))...))..(((((((...........))))).)).(((.......)))..............(((((((......))))))).......................((((((((((((....))))))))))))......,0HLZC5DF,0HLZC5DF,......((......((((.......((((((......(((........((((((...........)))))))))...)))))).......))))...))..(((((((...........))))).)).(((.......)))..............(((((((......)))))))....((((.......(((((......)))))))))......................,......((......((((.......((((((......(((........((((((...........)))))))))...)))))).......))))...))..(((((((...........))))).)).(((.......)))..............(((((((......))))))).......................((((((((((((....))))))))))))......,serine--tRNA ligase,gb|AMX00643.1||gnl|PRJNA304612|ATY39_15195,GGAGAGTTGTCCGAGTGGCCGAAGGAGCACGATTGGAAATCGTGTAGGCGGGTAACCCTGTCTCAAGGGTTCAAATCCCTTACTCTCCGCCA,CP014806.1.trna50 CP014806.1:2187337-2187428 (-) Ser (GGA) 92 bp Sc: 79.3
FR871814.1:76003-75723,TAAAAAACAAGGAACAGAAGAGTAGTTGTGAGCATCTTGTTCAGCGAGTTATCGATGATGGGAAGATAACCAAGACTTATGACGAACCACATCTGTGAGTTGGACGACTGAAGTAAGTAGGTCGTTCCGGTTGGCCTCGTTAGCGGCGGAGTTTAGTGATAAACTCGTTGAGGTTAGTTGTGTGAGCAACTAATGAATATGAGGTGGAACCGCGATTAAATCGTCCTCTTAGGTATGATGACCTAAGGACGATTTTTTTATTATCACGAAACTCCCTGAGG,1.2999999999999999e-27,117.5,0.0,1,231,0.97,0.44,UAAAAAACAAGGAACAGA-AGAGUAGUUGUGAG-CAUCUUGUUCAGCGAGUUAUCGAU-GAUGGGAaGAUAACCAAGAC-UUAUGACGAACCACAUCUGUGAGUUGGACGACUGAA---GUAAGUAGGUCGUUCCGGUUGGCCUCGUUAGcggcggaguuuaguGAUAAACUCGUUGAGGUUAGUUGUGUGAGCAACUAAUgAAUaUGAGGUGGAACCGCGAU--UAA-AUCGUCCUCUUA,"::::::<<------<<<<-------<<<<<<-------<<<--------<<<<<<___________.>>>>>>>>>----->>>>>>-------->>>>--->>,,<<<<<<<_____________>>>>>>>,<<<______>>>,,,,..............,,,,,,,,,,,,,,,<<<<<<<________>>>>>>>.,,,.,<<<<-------<<<<<______>>>>>>>>>:::",7,84,92,100,201,228,221,259,88,90,CAC,CCACA,205,208,UGGA,"[[7, 100], [103, 126], [128, 139], [173, 194], [201, 228]]",-6.4,......((......((((......((((((......(((........((((((...........)))))))))....))))))........))))...))..(((((((..........))))))).(((......))).................................(((((((........)))))))..........................(((((((..(((((......)))))))))))).......,......((......((((......((((((......(((........((((((...........)))))))))....))))))........))))...))..(((((((..........))))))).(((......))).................................(((((((........)))))))......((((.......(((((...)))))))))...............................,,,,IFW858FX,<a href=tboxes/IFW858FX.html >IFW858FX</a>,HIS,HIS (GUG),https://www.ncbi.nlm.nih.gov/nuccore/FR871814?report=genbank&from=75723&to=75723&strand=2,<a href=https://www.ncbi.nlm.nih.gov/nuccore/FR871814?report=genbank&from=75723&to=75723&strand=2>FR871814</a>,FR871814,76003,281,75723,70723,76503,%3C%3C%3CT%96Box,trna=FALSE,codon=CAC,disc=UGGA,aa=HIS,-6.4,-11.8,RFAM,http://rfam.xfam.org/family/RF00230,Lactobacillus pentosus MP-10,-15.1,"glutamine ABC transporter, permease protein",emb|CCB82994.1|,,Firmicutes,Bacilli,Lactobacillales,Lactobacillaceae,Lactobacillus,......((......((((......((((((......(((........((((((...........)))))))))....))))))........))))...))..(((((((..........))))))).(((......))).................................(((((((........)))))))......((((.......(((((...))))))))).....................................................,,ACCGCGATTAAATCGTCCTCTTAGGTATGATGACCTAAGGACGATTTTTTT,.....((..((((((((((..(((((......)))))))))))))))..)),-18.2,,GAGGTGGAACCGCGATTAAATCGTCCTCTTAGGTATGATGACCTAAGGACGATTTTTTT,((((.......(((((...)))))))))...............................,((((.......(((((...)))))))))...............................,,.............((..((((((((((..(((((......)))))))))))))))..)),-18.2,,....................(((((((..(((((......)))))))))))).......,,TAAAAAACAAGGAACAGAAGAGTAGTTGTGAGCATCTTGTTCAGCGAGTTATCGATGATGGGAAGATAACCAAGACTTATGACGAACCACATCTGTGAGTTGGACGACTGAAGTAAGTAGGTCGTTCCGGTTGGCCTCGTTAGCGGCGGAGTTTAGTGATAAACTCGTTGAGGTTAGTTGTGTGAGCAACTAATGAATATGAGGTGGAACCGCGATTAAATCGTCCTCTTAGGTATGATGACCTAAGGACGATTTTTTT,......((......((((......((((((......(((........((((((...........)))))))))....))))))........))))...))..(((((((..........))))))).(((......))).................................(((((((........)))))))......((((.......(((((...)))))))))...............................,......((......((((......((((((......(((........((((((...........)))))))))....))))))........))))...))..(((((((..........))))))).(((......))).................................(((((((........)))))))..........................(((((((..(((((......)))))))))))).......,IFW858FX,IFW858FX,......((......((((......((((((......(((........((((((...........)))))))))....))))))........))))...))..(((((((..........))))))).(((......))).................................(((((((........)))))))......((((.......(((((...)))))))))...............................,......((......((((......((((((......(((........((((((...........)))))))))....))))))........))))...))..(((((((..........))))))).(((......))).................................(((((((........)))))))..........................(((((((..(((((......)))))))))))).......,"glutamine ABC transporter, permease protein",emb|CCB82994.1|,tRNAscan-SE failed to find tRNA in host organism with anticodon matching predicted T-Box specifier.,TBDB tRNA pairing failed
BDHH01000029.1:22568-22314,AAGAGTTCAATGACTGGGAGAGTAAGTTATAAAAATCTTTTAGCGAGCCAATGATGATGGAAGATTGGTAGAGGATTATAACCTAAGCGCACCCATGAGATTTCAGTTGAATCCAGTAGGCTGAACGGTTGTCCCGTTAAAGACATCAAGTGAGAACGTTTTTATGTTCTAAGTAGAGTGGTACCGCGGATTTTTCGTCTCTTACATTATATGTAAGGGGCGTTTTTT,4.9000000000000004e-29,123.8,0.0,1,205,0.98,0.4,AAGAGUUCAAUGACUGGG-AGAGUAAGUUAUAA--AAAUCUUUUAGCGAGCCAAUGAU-GAUGGAAgAUUGGUAGAGGAUUAUAACCUAAGCGCACCCAUGAGA-UUUCAGUUGAA---UCCAGUAGGCUGAA-CGGUUG-UCCCGUUA---AAGACAUCAAGUGAGAACGU----UUUUAUGUUCUAAGUAGAGUGGUACCGCGGA--UUU-UUCGUCUCUUAC,"::::::<<------<<<<-------<<<<<<-------<<<--------<<<<<<___________.>>>>>>>>>----->>>>>>-------->>>>--->>,,<<<<<<<_____________>>>>>>>,<<<______>>>,,,,,,,,,,,,,,,,,,,<<<<<<<________>>>>>>>,,,,<<<<-------<<<<<______>>>>>>>>>:::",7,84,92,100,175,202,196,228,88,90,CGC,GCGCA,179,182,UGGU,"[[7, 100], [102, 125], [126, 136], [153, 170], [175, 202]]",-2.9,......((......((((......((((((.....(((........((((((...........))))))))).....))))))........))))...)).(((((((..........)))))))(((.....)))................(((((((....))))))).........................((((((((((((...))))))))))))......,......((......((((......((((((.....(((........((((((...........))))))))).....))))))........))))...)).(((((((..........)))))))(((.....)))................(((((((....)))))))....((((.......(((((...)))))))))..........................,,,,NTVQIHO5,<a href=tboxes/NTVQIHO5.html >NTVQIHO5</a>,ARG,ARG (GCG),https://www.ncbi.nlm.nih.gov/nuccore/BDHH01000029?report=genbank&from=22314&to=22341&strand=2,<a href=https://www.ncbi.nlm.nih.gov/nuccore/BDHH01000029?report=genbank&from=22314&to=22341&strand=2>BDHH01000029</a>,BDHH01000029,22568,228,22341,17341,23068,%3C%3C%3CT%96Box,trna=FALSE,codon=CGC,disc=UGGU,aa=ARG,-2.9,-11.6,RFAM,https://rfam.xfam.org/family/RF00230,Fusibacter sp. 3D3,-14.5,arginyl-tRNA synthetase,dbj|GAU79756.1|,6.1.1.19,Firmicutes,Clostridia,Clostridiales,Clostridiales Family XII. Incertae Sedis,Fusibacter,......((......((((......((((((.....(((........((((((...........))))))))).....))))))........))))...)).(((((((..........)))))))(((.....)))................(((((((....)))))))....((((.......(((((...)))))))))..........................,,ACCGCGGATTTTTCGTCTCTTACATTATATGTAAGGGGCGTTTTTT,.............((((((((((((...))))))))))))......,-14.5,,AGAGTGGTACCGCGGATTTTTCGTCTCTTACATTATATGTAAGGGGCGTTTTTT,((((.......(((((...)))))))))..........................,((((.......(((((...)))))))))..........................,,.....................((((((((((((...))))))))))))......,-14.5,,.....................((((((((((((...))))))))))))......,,AAGAGTTCAATGACTGGGAGAGTAAGTTATAAAAATCTTTTAGCGAGCCAATGATGATGGAAGATTGGTAGAGGATTATAACCTAAGCGCACCCATGAGATTTCAGTTGAATCCAGTAGGCTGAACGGTTGTCCCGTTAAAGACATCAAGTGAGAACGTTTTTATGTTCTAAGTAGAGTGGTACCGCGGATTTTTCGTCTCTTACATTATATGTAAGGGGCGTTTTTT,......((......((((......((((((.....(((........((((((...........))))))))).....))))))........))))...)).(((((((..........)))))))(((.....)))................(((((((....)))))))....((((.......(((((...)))))))))..........................,......((......((((......((((((.....(((........((((((...........))))))))).....))))))........))))...)).(((((((..........)))))))(((.....)))................(((((((....))))))).........................((((((((((((...))))))))))))......,NTVQIHO5,NTVQIHO5,......((......((((......((((((.....(((........((((((...........))))))))).....))))))........))))...)).(((((((..........)))))))(((.....)))................(((((((....)))))))....((((.......(((((...)))))))))..........................,......((......((((......((((((.....(((........((((((...........))))))))).....))))))........))))...)).(((((((..........)))))))(((.....)))................(((((((....))))))).........................((((((((((((...))))))))))))......,arginyl-tRNA synthetase,dbj|GAU79756.1|,tRNAscan-SE failed to find tRNA in host organism with anticodon matching predicted T-Box specifier.,TBDB tRNA pairing failed
AP017312.1:1115466-1115948,GAGAGGCACCTTCTTTCATAGGAACTGTTGAGTTCAGTATACGCAGGAACCTACGAAGGGTGCGTGGAACCATAAGGCGTGTATTGACTATTTCACGGCGAACTGGGTACAATGGATAATGCATGTAAAGTGAATATGCATTAGGTGTTGAAGGGGAAGAGTATATCATGATGCCATACCAGAGAGCGGACCAAAGGTGGAAGGCCGCATGGATGTAATGATAGAAGGTAGCCCTGGAGCCGTGTGCCCGAACGATTCGAGTAGGGCATACCGGGTTTTACCCGTTATCGTAATGTAAGAGAGTTCGCGTGCTTGAACATGTACAGGTGTTGCGCGAGCTAACAAAGGTGGTACCGCGAGATACGCTCCTCGTCCTTTGCAGGATGAGGGGCTTTTTTATTTTTAGAAAGAAGAAGCAGGAGGTTATGTATAGATGTCAAACGAGCAAAATGAATTGCAAATGCCAACCAAATATGAACCGAA,8.699999999999999e-32,134.6,0.0,139,380,0.92,0.52,CAUUAGGUGUUGAAGGGGAAGAGUAUAUCAUGA--UGCCAUACCAGAGAGCGGACCAAAGGUGGAAGGCCGCAUGGAUgUAAUGAUAGAAGGUAGCCCUGGAGCCGUGUGCCCGAAcGAUUCGAGUAGGGCAUACCGGGUUUuACCCGUUA--UCGUAAUGUAAGAGAGUUCGCGUGcuugaacauguacagguGUUGCGCGAGCUAACAAAGGUGGUACCGCGAGAu--ACgcuCCUCGUCCUUUGC,"::::::<<------<<<<-------<<<<<<-------<<<--------<<<<<<___________>>>>>>>>>---.-->>>>>>-------->>>>--->>,,<<<<<<<___.__________>>>>>>>,<<<____.__>>>,,,,,,,,,,,,,,,,,,,<<<<<<<___................._____>>>>>>>,,,,<<<<-------<<<<<_.____..._>>>>>>>>>:::",145,224,232,240,345,377,365,404,228,230,GUA,GGUAG,349,352,UGGU,"[[145, 240], [243, 270], [272, 284], [302, 340], [345, 377]]",-6.2,................................................................................................................................................((......((((.......((((((.....(((........((((((...........)))))))))......))))))........))))...))..(((((((..............))))))).(((.......))).................(((((((.........................)))))))........................((((((((((((....))))))))))))............,................................................................................................................................................((......((((.......((((((.....(((........((((((...........)))))))))......))))))........))))...))..(((((((..............))))))).(((.......))).................(((((((.........................)))))))....((((.......(((((........)))))))))...........................,GGAGGATTAGCTCAGCTGGGAGAGCATCTGCCTTACAAGCAGAGGGTCGGCGGTTCGATCCCGTCATCCTCCACCA,86.4,AP017312.1.trna14 AP017312.1:737332-737407 (+) Val (TAC) 76 bp Sc: 86.4,I2AVMNPC,<a href=tboxes/I2AVMNPC.html >I2AVMNPC</a>,VAL,VAL (UAC),https://www.ncbi.nlm.nih.gov/nuccore/AP017312?report=genbank&from=1115466&to=1115948,<a href=https://www.ncbi.nlm.nih.gov/nuccore/AP017312?report=genbank&from=1115466&to=1115948>AP017312</a>,AP017312,1115466,483,1115948,1114966,1120948,T%96Box%3E%3E%3E,trna=TRUE,codon=GUA,disc=UGGU,aa=VAL,-6.2,-15.1,GeCont3,http://operons.ibt.unam.mx/gctNG/,Aneurinibacillus soli,-21.3,Valine--tRNA ligase,dbj|BAU26976.1|,6.1.1.9,Firmicutes,Bacilli,Bacillales,Paenibacillaceae,Aneurinibacillus,................................................................................................................................................((......((((.......((((((.....(((........((((((...........)))))))))......))))))........))))...))..(((((((..............))))))).(((.......))).................(((((((.........................)))))))....((((.......(((((........)))))))))..........................................................................................................,,ACCGCGAGATACGCTCCTCGTCCTTTGCAGGATGAGGGGCTTTTTTATTTTT,............((((((((((((....))))))))))))............,-21.3,,AAGGTGGTACCGCGAGATACGCTCCTCGTCCTTTGCAGGATGAGGGGCTTTTTTATTTTT,((((.......(((((........)))))))))...........................,((((.......(((((........)))))))))...........................,,....................((((((((((((....))))))))))))............,-21.3,,....................((((((((((((....))))))))))))............,,CATTAGGTGTTGAAGGGGAAGAGTATATCATGATGCCATACCAGAGAGCGGACCAAAGGTGGAAGGCCGCATGGATGTAATGATAGAAGGTAGCCCTGGAGCCGTGTGCCCGAACGATTCGAGTAGGGCATACCGGGTTTTACCCGTTATCGTAATGTAAGAGAGTTCGCGTGCTTGAACATGTACAGGTGTTGCGCGAGCTAACAAAGGTGGTACCGCGAGATACGCTCCTCGTCCTTTGCAGGATGAGGGGCTTTTTTATTTTT,......((......((((.......((((((.....(((........((((((...........)))))))))......))))))........))))...))..(((((((..............))))))).(((.......))).................(((((((.........................)))))))....((((.......(((((........)))))))))...........................,......((......((((.......((((((.....(((........((((((...........)))))))))......))))))........))))...))..(((((((..............))))))).(((.......))).................(((((((.........................)))))))........................((((((((((((....))))))))))))............,I2AVMNPC,I2AVMNPC,......((......((((.......((((((.....(((........((((((...........)))))))))......))))))........))))...))..(((((((..............))))))).(((.......))).................(((((((.........................)))))))....((((.......(((((........)))))))))...........................,......((......((((.......((((((.....(((........((((((...........)))))))))......))))))........))))...))..(((((((..............))))))).(((.......))).................(((((((.........................)))))))........................((((((((((((....))))))))))))............,Valine--tRNA ligase,dbj|BAU26976.1|,GGAGGATTAGCTCAGCTGGGAGAGCATCTGCCTTACAAGCAGAGGGTCGGCGGTTCGATCCCGTCATCCTCCACCA,AP017312.1.trna14 AP017312.1:737332-737407 (+) Val (TAC) 76 bp Sc: 86.4
CP025696.1:4840125-4839754,CTCAAACCTGCGTTTCGTGTAAAGTGGTGAAAATTGTAATATATAGGAATAGTGTAGACCAAGGATCAAAGGTTCAATTACCCGCTGTACAGAGAAGAAACCCATGGGCTGAAAGGTTTCTCGCCGCGAATGAACGTTTCCCTGCCTTGCGAGCTGTAGCGGTGCGTAAGATAAACCGTTACCGGCCAGATGCCGTTATCTGAAGAAGGACCGTCCCGTATATGGTTACGGTCAAATGAAGGGTGGTACCACGACACATTCGTCCCTGACGGATGTGTCTTTTTTGCGTACATTTTACGTTCTTACAAGGAGGAAGCCACACATGCGCCAAAGCCAATTATTATTGACAACCTTACGTGAAGCACCTGCAGA,7.5e-12,57.5,0.0,46,270,0.83,0.51,GGAAUAGUGUAGACCAAGgAUCAAAGGUUCAAUUACCCGCUGUACAGAGAAGAAACCCAUggGCUGAAAgGUUUCUCGCCGCGAAUGAACGUUUCCCUgcCUUGCGAGCUGUAGCGGUGCG--UAAGAUAAACCGUUACCGGCCAGaUGCCGUUA------UCUGAAGAAGGACCGUCcCGUAUAUGguUACGGUCAAAugAAGGGUGGUACCACGAC--ACA-UUCGUCCCUGAC,"::::::<<------<<<<.-------<<<<<<-------<<<--------<<<<<<____.._______.>>>>>>>>>----->>>>>>--------..>>>>--->>,,<<<<<<<_____________>>>>>>>,<<<____.__>>>,,,,,,,,,,,,,,,,,,,<<<<<<<.________..>>>>>>>,,,..,<<<<-------<<<<<______>>>>>>>>>:::",52,136,146,154,240,267,253,285,142,144,CUG,CCUGC,244,247,UGGU,"[[52, 154], [157, 181], [183, 195], [209, 233], [240, 267]]",-5.5,...................................................((......((((........((((((.......(((........((((((..............))))))))).....))))))..........))))...))..(((((((...........))))))).(((.......))).............(((((((...........)))))))...................((((((((((((...))))))))))))......,...................................................((......((((........((((((.......(((........((((((..............))))))))).....))))))..........))))...))..(((((((...........))))))).(((.......))).............(((((((...........)))))))......((((.......(((((...)))))))))..................,GCGGTCGTGGCGGAATTGGCAGACGCGCACGGTTCAGGTCCGTGTGGGCTAACCCCCCGTGGAGGTTCGAGTCCTCTCGACCGCACCA,64.7,CP025696.1.trna79 CP025696.1:1299083-1299170 (-) Leu (CAG) 88 bp Sc: 64.7,L7ITODM,<a href=tboxes/L7ITODM.html >L7ITODM</a>,LEU,LEU (CAG),https://www.ncbi.nlm.nih.gov/nuccore/CP025696?report=genbank&from=4839754&to=4839754&strand=2,<a href=https://www.ncbi.nlm.nih.gov/nuccore/CP025696?report=genbank&from=4839754&to=4839754&strand=2>CP025696</a>,CP025696,4840125,372,4839754,4834754,4840625,%3C%3C%3CT%96Box,trna=TRUE,codon=CUG,disc=UGGU,aa=LEU,-5.5,-12.4,GeCont3,http://operons.ibt.unam.mx/gctNG/,Paenibacillus sp. lzh-N1,-17.9,proline--tRNA ligase,gb|AUO08930.1||gnl|PRJNA428390|C0638_21545,,Firmicutes,Bacilli,Bacillales,Paenibacillaceae,Paenibacillus,...................................................((......((((........((((((.......(((........((((((..............))))))))).....))))))..........))))...))..(((((((...........))))))).(((.......))).............(((((((...........)))))))......((((.......(((((...))))))))).........................................................................................................,,ACCACGACACATTCGTCCCTGACGGATGTGTCTTTTTT,.....((((((((((((...))))))))))))......,-17.9,,AGGGTGGTACCACGACACATTCGTCCCTGACGGATGTGTCTTTTTT,((((.......(((((...)))))))))..................,((((.......(((((...)))))))))..................,,.............((((((((((((...))))))))))))......,-17.9,,.............((((((((((((...))))))))))))......,,GGAATAGTGTAGACCAAGGATCAAAGGTTCAATTACCCGCTGTACAGAGAAGAAACCCATGGGCTGAAAGGTTTCTCGCCGCGAATGAACGTTTCCCTGCCTTGCGAGCTGTAGCGGTGCGTAAGATAAACCGTTACCGGCCAGATGCCGTTATCTGAAGAAGGACCGTCCCGTATATGGTTACGGTCAAATGAAGGGTGGTACCACGACACATTCGTCCCTGACGGATGTGTCTTTTTT,......((......((((........((((((.......(((........((((((..............))))))))).....))))))..........))))...))..(((((((...........))))))).(((.......))).............(((((((...........)))))))......((((.......(((((...)))))))))..................,......((......((((........((((((.......(((........((((((..............))))))))).....))))))..........))))...))..(((((((...........))))))).(((.......))).............(((((((...........)))))))...................((((((((((((...))))))))))))......,L7ITODM,L7ITODM,......((......((((........((((((.......(((........((((((..............))))))))).....))))))..........))))...))..(((((((...........))))))).(((.......))).............(((((((...........)))))))......((((.......(((((...)))))))))..................,......((......((((........((((((.......(((........((((((..............))))))))).....))))))..........))))...))..(((((((...........))))))).(((.......))).............(((((((...........)))))))...................((((((((((((...))))))))))))......,proline--tRNA ligase,gb|AUO08930.1||gnl|PRJNA428390|C0638_21545,GCGGTCGTGGCGGAATTGGCAGACGCGCACGGTTCAGGTCCGTGTGGGCTAACCCCCCGTGGAGGTTCGAGTCCTCTCGACCGCACCA,CP025696.1.trna79 CP025696.1:1299083-1299170 (-) Leu (CAG) 88 bp Sc: 64.7
CP047142.1:512433-512771,AAAAGTACTCCCCTCTTGTATTTTTTAGCATTTGTGGTAAATTATAATCATTATCTATAAGAAAATAAAGGTCGAGAAGTAGTAACAAGAATATTTTTTCAGAGAGAGGCTGGCTGCTGTGAAGTCTTAAAATAGGATTGTGAACTCGTCTCGTGTTGAGGAAACCTAGCGTTGCCATCCGCGTTAAGGAGCAATTAAGTGTCACAAATTGTGAAACTTAGGTGGTACCGCGATGATTCGTCCTATGATTTTTTCATAGGGCGTTTTTTAATAGTAAAGGAGAATTATTTTGTATAACCACAAAGTAGTTGAAAAGAAATGGCAAGATTATTGGGCAAA,9.799999999999999e-20,88.0,0.0,65,248,0.88,0.42,AUAAAGGUC-----GAGAAGUAGUAACAAGAA---UAUUUUUUCAGAGAGAGGCUGGCUGCUGUGAAGUCUUAAAAUAgGA--UUGUGAA-CUCGUCUC---GUGUUG---AGGAA---------ACCUA---GCGUUGCCauCCGCGUUA-AGGAGCAAUUAAGUGUCACAA*[ 1]*UUGUGAAACUUAGGUGGUACCGCGA---UGAU-UCGUCCUAUGA,"::::::<<------<<<<-------<<<<<<-------<<<--------<<<<<<___________>>>>>>>>>---.-->>>>>>-------->>>>--->>,,<<<<<<<_____________>>>>>>>,<<<____..__>>>,,,,,,,,,,,,,,,,,,,<<<<<<~~~~~~>>>>>>,,,,<<<<-------<<<<<______>>>>>>>>>:::",71,142,149,154,219,245,239,269,145,147,CUC,ACUCG,223,226,UGGU,"[[71, 154], [159, 166], [170, 183], [202, 214], [219, 245]]",-4.6,......................................................................((.((((.......((((......(((........((((((...........)))))))))......)))).......))))))....((....))...(((........)))..................(((((...)))))........................((((((((((.....))))))))))......,......................................................................((.((((.......((((......(((........((((((...........)))))))))......)))).......))))))....((....))...(((........)))..................(((((...)))))....((((.......((((....))))))))........................,,,,8RJLPRD8,<a href=tboxes/8RJLPRD8.html >8RJLPRD8</a>,LEU,LEU (GAG),https://www.ncbi.nlm.nih.gov/nuccore/CP047142?report=genbank&from=512433&to=512771,<a href=https://www.ncbi.nlm.nih.gov/nuccore/CP047142?report=genbank&from=512433&to=512771>CP047142</a>,CP047142,512433,339,512771,511933,517771,T%96Box%3E%3E%3E,trna=FALSE,codon=CUC,disc=UGGU,aa=LEU,-4.6,-10.9,GeCont3,http://operons.ibt.unam.mx/gctNG/,Lactobacillus sp. C25,-14.9,leucine--tRNA ligase,gb|QHQ67571.1||gnl|PRJNA596732|GSR61_02725,6.1.1.4,Firmicutes,Bacilli,Lactobacillales,Lactobacillaceae,Lactobacillus,......................................................................((.((((.......((((......(((........((((((...........)))))))))......)))).......))))))....((....))...(((........)))..................(((((...)))))....((((.......((((....)))))))).............................................................................................., bracket_structure_was_changed changed_some_brackets_to_dots,ACCGCGATGATTCGTCCTATGATTTTTTCATAGGGCGTTTTTT,........((..((((((((((.....))))))))))..))..,-15.5,,TAGGTGGTACCGCGATGATTCGTCCTATGATTTTTTCATAGGGCGTTTTTT,((((.......((((....))))))))........................,((((.......((((....))))))))........................,,................((..((((((((((.....))))))))))..))..,-15.5,,....................((((((((((.....))))))))))......,,ATAAAGGTCGAGAAGTAGTAACAAGAATATTTTTTCAGAGAGAGGCTGGCTGCTGTGAAGTCTTAAAATAGGATTGTGAACTCGTCTCGTGTTGAGGAAACCTAGCGTTGCCATCCGCGTTAAGGAGCAATTAAGTGTCACAAATTGTGAAACTTAGGTGGTACCGCGATGATTCGTCCTATGATTTTTTCATAGGGCGTTTTTT,......((.((((.......((((......(((........((((((...........)))))))))......)))).......))))))....((....))...(((........)))..................(((((...)))))....((((.......((((....))))))))........................,......((.((((.......((((......(((........((((((...........)))))))))......)))).......))))))....((....))...(((........)))..................(((((...)))))........................((((((((((.....))))))))))......,8RJLPRD8,8RJLPRD8,......((.((((.......((((......(((........((((((...........)))))))))......)))).......))))))....((....))...(((........)))..................(((((...)))))....((((.......((((....))))))))........................,......((.((((.......((((......(((........((((((...........)))))))))......)))).......))))))....((....))...(((........)))..................(((((...)))))........................((((((((((.....))))))))))......,leucine--tRNA ligase,gb|QHQ67571.1||gnl|PRJNA596732|GSR61_02725,tRNAscan-SE failed to find tRNA in host organism with anticodon matching predicted T-Box specifier.,TBDB tRNA pairing failed
LGEZ01000004.1:56089-56369,TTAAAGCCGATGAACAGGAGTGGTAGCCTGTTTACTACCGCAAGAGAGGAAAACCCTTAGGCTGGAAGGTTTTCTCGGTGAGGGACGGGTGACGTCGCCTGGGAGAATCCCTGCTGAAAGGGCTTTATGCCTTAGTAAGGGGGACGGTGGGACCGTTAAACCCGAATGAGTTTTGCGTACTTAATGTACGAAATAAGGTGGTACCGCGGAAGAGCTCCTTCCGTCCTTAACGGGAGGGGCTTTTT,3.1000000000000002e-21,93.5,0.0,1,231,0.85,0.52,UUAAAGCCGAUGAACAGGAGUGGUAGCCUGUUUACUACCGCAAGAGAGGAAAACCCUUAgGCUGGAAGGUUUUcucGGUGAGGGACGGGUGAC-GUCGCCUGGGAGAAUCCCUGCUGAAAgggcuuuauGCCUUAGUAAG-GGGGACGGUGG-GACCGUUAAACCCGAAUGAGUUUuGCGUACUU-------AAUGUACGAAAUAAGGUGGUACCGCGGAAgAGC-uccUUCCGUCCUUAAC,"::::::<<------<<<<-------<<<<<<-------<<<--------<<<<<<____._______>>>>>>...>>>----->>>>>>-------->>>>--->>,,<<<<<<<____........._________>>>>>>>,<<<______>>>,,,,,,,,,,,,,,,,,,.,<<<<<<<________>>>>>>>,,,,<<<<-------<<<<<_.____..._>>>>>>>>>:::",7,91,98,106,195,228,214,245,94,96,GUC,CGUCG,199,202,UGGU,"[[7, 106], [109, 143], [145, 155], [176, 190], [195, 228]]",-10.8,......((......((((.......((((((.......(((........((((((............))))))...))).....)))))).......))))...))..((((.((......................)))))).(((.....)))....................((((((...)))))).......................(((((((((((.....))))))))))).....,......((......((((.......((((((.......(((........((((((............))))))...))).....)))))).......))))...))..((((.((......................)))))).(((.....)))....................((((((...))))))....((((.......(((((((.....))))))))))).................,GGGTCTGTAGCTCAGTGGGAGAGCGCCTGCTTGACGCGCAGGAGGCCGCAGGTTCAATTCCTGCCGGACCCACCA,85.8,LGEZ01000010.1.trna2 LGEZ01000010.1:46244-46318 (+) Val (GAC) 75 bp Sc: 85.8,T2ZAGHAD,<a href=tboxes/T2ZAGHAD.html >T2ZAGHAD</a>,VAL,VAL (GAC),https://www.ncbi.nlm.nih.gov/nuccore/LGEZ01000004?report=genbank&from=56089&to=56333,<a href=https://www.ncbi.nlm.nih.gov/nuccore/LGEZ01000004?report=genbank&from=56089&to=56333>LGEZ01000004</a>,LGEZ01000004,56089,245,56333,55589,61333,T%96Box%3E%3E%3E,trna=TRUE,codon=GUC,disc=UGGU,aa=VAL,-6.1,-17.6,RFAM,https://rfam.xfam.org/family/RF00230,Clostridia bacterium 41_269,-18.6,Valine--tRNA ligase,gb|KUK11232.1||gnl|WGS:LGEZ|XD50_0488,,Firmicutes,Clostridia,,,,......((......((((.......((((((.......(((........((((((............))))))...))).....)))))).......))))...))..((((.((......................)))))).(((.....)))....................((((((...))))))....((((.......(((((.........)))))))))................., bracket_structure_was_changed changed_some_brackets_to_dots,ACCGCGGAAGAGCTCCTTCCGTCCTTAACGGGAGGGGCTTTTT,......((((((((((((((((.....)))))))))))))))),-23.7,,AAGGTGGTACCGCGGAAGAGCTCCTTCCGTCCTTAACGGGAGGGGCTTTTT,((((.......(((((.........))))))))).................,((((.......(((((((.....))))))))))).................,,..............((((((((((((((((.....)))))))))))))))),-23.7,,...................(((((((((((.....))))))))))).....,,TTAAAGCCGATGAACAGGAGTGGTAGCCTGTTTACTACCGCAAGAGAGGAAAACCCTTAGGCTGGAAGGTTTTCTCGGTGAGGGACGGGTGACGTCGCCTGGGAGAATCCCTGCTGAAAGGGCTTTATGCCTTAGTAAGGGGGACGGTGGGACCGTTAAACCCGAATGAGTTTTGCGTACTTAATGTACGAAATAAGGTGGTACCGCGGAAGAGCTCCTTCCGTCCTTAACGGGAGGGGCTTTTT,......((......((((.......((((((.......(((........((((((............))))))...))).....)))))).......))))...))..((((.((......................)))))).(((.....)))....................((((((...))))))....((((.......(((((((.....))))))))))).................,......((......((((.......((((((.......(((........((((((............))))))...))).....)))))).......))))...))..((((.((......................)))))).(((.....)))....................((((((...)))))).......................(((((((((((.....))))))))))).....,T2ZAGHAD,T2ZAGHAD,......((......((((.......((((((.......(((........((((((............))))))...))).....)))))).......))))...))..((((.((......................)))))).(((.....)))....................((((((...))))))....((((.......(((((((.....))))))))))).................,......((......((((.......((((((.......(((........((((((............))))))...))).....)))))).......))))...))..((((.((......................)))))).(((.....)))....................((((((...)))))).......................(((((((((((.....))))))))))).....,Valine--tRNA ligase,gb|KUK11232.1||gnl|WGS:LGEZ|XD50_0488,GGGTCTGTAGCTCAGTGGGAGAGCGCCTGCTTGACGCGCAGGAGGCCGCAGGTTCAATTCCTGCCGGACCCACCA,LGEZ01000010.1.trna2 LGEZ01000010.1:46244-46318 (+) Val (GAC) 75 bp Sc: 85.8
JXRR01000001.1:137163-136888,TTGAAGTCGATGAGCAGAAGAAGTAAGGGCATGCAGTGCTTTAGCGAGCCGGAGGAGGTGGGAGTCCGGTGCAGTCATGAATCCTGAAAGCGCATCTGTGAGATGTTTTGTTGAATGGAGTAGGCAAAACCGGATCCATGCGTCCGTTAACAGCATAAGTTGGAATACTCCATTCTTGAGTATTCAATTGGAGTGGTACCGCGGATAATCAGCATTCGTCTCCTGCATTAGCAGGAGGCGAATGCTTTTTTT,3.9e-26,112.5,0.0,1,226,0.94,0.49,UUGAAGUCGAUGAGCAGAAGAAGUAAGGGCAUG--CAGUGCUUUAGCGAGCCGGAGGA-GGUGGGAgUCCGGUGCAGUCaUGAAUCCUGAAAgCGCAUCUGUGAGAUGUUUUGUUGAA---UGGAGUAGGCAAAACCGGAUCCaugcGUCCGUUA---ACAGCAUAAGUUGGAAUACUCCAuUCUUGAGUAUUCAAUUGGAGUGGUACCGCGGAUaAUCAgcAUUCGUCUCCUGC,"::::::<<------<<<<-------<<<<<<-------<<<--------<<<<<<___________.>>>>>>>>>---.-->>>>>>----.---->>>>--->>,,<<<<<<<_____________>>>>>>>,<<<____....__>>>,,,,,,,,,,,,,,,,,,,<<<<<<<___._____>>>>>>>,,,,<<<<-------<<<<<_.____.._>>>>>>>>>:::",7,86,95,103,190,223,212,252,91,93,CGC,GCGCA,194,197,UGGU,"[[7, 103], [106, 129], [131, 146], [163, 185], [190, 223]]",-7.0,......((......((((.......((((((.....(((........((((((...........)))))))))......)))))).........))))...))..(((((((..........))))))).(((..........)))................(((((((.........)))))))..........................(((((((((((((((....))))))))))))))).......,......((......((((.......((((((.....(((........((((((...........)))))))))......)))))).........))))...))..(((((((..........))))))).(((..........)))................(((((((.........)))))))....((((.......((((((.......)))))))))).............................,,,,T6H20JGU,<a href=tboxes/T6H20JGU.html >T6H20JGU</a>,ARG,ARG (GCG),https://www.ncbi.nlm.nih.gov/nuccore/JXRR01000001?report=genbank&from=136888&to=136912&strand=2,<a href=https://www.ncbi.nlm.nih.gov/nuccore/JXRR01000001?report=genbank&from=136888&to=136912&strand=2>JXRR01000001</a>,JXRR01000001,137163,252,136912,131912,137663,%3C%3C%3CT%96Box,trna=FALSE,codon=CGC,disc=UGGU,aa=ARG,-5.3,-24.5,RFAM,https://rfam.xfam.org/family/RF00230,Jeotgalibacillus campisalis,-28.6,arginyl-tRNA synthetase,gb|KIL52816.1||gnl|WGS:JXRR|KR50_01450,6.1.1.19,Firmicutes,Bacilli,Bacillales,Planococcaceae,Jeotgalibacillus,......((......((((.......((((((.....(((........((((((...........)))))))))......)))))).........))))...))..(((((((..........))))))).(((..........)))................(((((((.........)))))))....((((.......(((((.........))))))))).............................,,ACCGCGGATAATCAGCATTCGTCTCCTGCATTAGCAGGAGGCGAATGCTTTTTTT,.............((((((((((((((((....))))))))))))))))......,-29.8,,GGAGTGGTACCGCGGATAATCAGCATTCGTCTCCTGCATTAGCAGGAGGCGAATGCTTTTTTT,((((.......(((((.........))))))))).............................,((((.......((((((.......)))))))))).............................,,.....................((((((((((((((((....))))))))))))))))......,-29.8,,......................(((((((((((((((....))))))))))))))).......,,TTGAAGTCGATGAGCAGAAGAAGTAAGGGCATGCAGTGCTTTAGCGAGCCGGAGGAGGTGGGAGTCCGGTGCAGTCATGAATCCTGAAAGCGCATCTGTGAGATGTTTTGTTGAATGGAGTAGGCAAAACCGGATCCATGCGTCCGTTAACAGCATAAGTTGGAATACTCCATTCTTGAGTATTCAATTGGAGTGGTACCGCGGATAATCAGCATTCGTCTCCTGCATTAGCAGGAGGCGAATGCTTTTTTT,......((......((((.......((((((.....(((........((((((...........)))))))))......)))))).........))))...))..(((((((..........))))))).(((..........)))................(((((((.........)))))))....((((.......((((((.......)))))))))).............................,......((......((((.......((((((.....(((........((((((...........)))))))))......)))))).........))))...))..(((((((..........))))))).(((..........)))................(((((((.........)))))))..........................(((((((((((((((....))))))))))))))).......,T6H20JGU,T6H20JGU,......((......((((.......((((((.....(((........((((((...........)))))))))......)))))).........))))...))..(((((((..........))))))).(((..........)))................(((((((.........)))))))....((((.......((((((.......)))))))))).............................,......((......((((.......((((((.....(((........((((((...........)))))))))......)))))).........))))...))..(((((((..........))))))).(((..........)))................(((((((.........)))))))..........................(((((((((((((((....))))))))))))))).......,arginyl-tRNA synthetase,gb|KIL52816.1||gnl|WGS:JXRR|KR50_01450,tRNAscan-SE failed to find tRNA in host organism with anticodon matching predicted T-Box specifier.,TBDB tRNA pairing failed
ACRK01000014.1:366563-366297,TTAAACATTCAGAAAGTAATCATGCTCATTTTTTAGAGAATCTGTGGTTGGTGGAAACAGATAAATGAAAGTGATGAAAATTGGGCTGAATGTACTTAAGAATTTGAAATCATAAAAATTCGGTGAGCACACCTTACAGTGCAACTCGTTATTGCGAGAAAGAGCGATAGGGATATTCCCTATAATTGAGGTGGCACCGCGCATCGACGTCCTCACACAAGTTTTTTGTGTGAGGCCTTTTTTGTTGGAGGAGACTTATGGAATTTA,4.1e-22,96.3,0.0,1,217,0.88,0.39,UUAAACAU------UCAG-AAAGUAAUCAUGC---UCAUUUUUUAGAGAAUCUGUGGUUGGUGGAAACAGAUAAAUGA-AAGUGAUGAAAauUGGGCUGA---AUGUAC-UUAAGAAUUUGAAAUCAUAAAAaUUCGGUGAGCACACCUUACagugcaacucguuaUUGCGAGAAAGAGCGAUAGGGA-----UAUUCCCUAUAAUUGAGGUGGCACCGCGC--AUCG--ACGUCCUCACA,"::::::<<------<<<<-------<<<<<<-------<<<--------<<<<<<___________>>>>>>>>>----->>>>>>----..---->>>>--->>,,<<<<<<<_____________>>>>>.>>,<<<______>>>,,,,..............,,,,,,,,,,,,,,,<<<<<<<________>>>>>>>,,,,<<<<-------<<<<<______>>>>>>>>>:::",7,76,86,91,188,214,199,231,82,84,UGG,UUGGG,192,195,UGGC,"[[7, 91], [94, 120], [122, 133], [167, 183], [188, 214]]",-5.5,......((((((......((((((....(((........((((((...........)))))))))....))))))..........))))))..((((((.............))))..)).(((......))).................................(((((((...)))))))...............(((......)))((((((((((.....))))))))))........,......((((((......((((((....(((........((((((...........)))))))))....))))))..........))))))..((((((.............))))..)).(((......))).................................(((((((...)))))))....((((.......((((....)))))))).............................,ACGGGCATAGTTTAAAGGTAGAACTAAGGTCTCCAAAACCTTCAGTGTGGGTTCAATTCCTACTGCCCGTG,57.8,NZ_GG730100.1.trna9 NZ_GG730100.1:35855-35925 (-) Trp (CCA) 71 bp Sc: 57.8,BGQ5VNA,<a href=tboxes/BGQ5VNA.html >BGQ5VNA</a>,TRP,TRP (CCA),https://www.ncbi.nlm.nih.gov/nuccore/ACRK01000014?report=genbank&from=366297&to=366297&strand=2,<a href=https://www.ncbi.nlm.nih.gov/nuccore/ACRK01000014?report=genbank&from=366297&to=366297&strand=2>ACRK01000014</a>,ACRK01000014,366563,267,366297,361297,367063,%3C%3C%3CT%96Box,trna=TRUE,codon=UGG,disc=UGGC,aa=TRP,-5.5,-9.9,RFAM,http://rfam.xfam.org/family/RF00230,Streptococcus sp. M143,-15.4,,,,Firmicutes,Bacilli,Lactobacillales,Streptococcaceae,Streptococcus,......((((((......((((((....(((........((((((...........)))))))))....))))))..........))))))..((((((.............))))..)).(((......))).................................(((((((...)))))))....((((.......((((....))))))))....................................................., bracket_structure_was_changed changed_some_brackets_to_dots,ACCGCGCATCGACGTCCTCACACAAGTTTTTTGTGTGAGGCCTTTTTT,...(((......)))((((((((((.....))))))))))........,-15.4,,GAGGTGGCACCGCGCATCGACGTCCTCACACAAGTTTTTTGTGTGAGGCCTTTTTT,((((.......((((....)))))))).............................,((((.......((((....)))))))).............................,,...........(((......)))((((((((((.....))))))))))........,-15.4,,...........(((......)))((((((((((.....))))))))))........,no_good_structure_found,TTAAACATTCAGAAAGTAATCATGCTCATTTTTTAGAGAATCTGTGGTTGGTGGAAACAGATAAATGAAAGTGATGAAAATTGGGCTGAATGTACTTAAGAATTTGAAATCATAAAAATTCGGTGAGCACACCTTACAGTGCAACTCGTTATTGCGAGAAAGAGCGATAGGGATATTCCCTATAATTGAGGTGGCACCGCGCATCGACGTCCTCACACAAGTTTTTTGTGT,......((((((......((((((....(((........((((((...........)))))))))....))))))..........))))))..((((((.............))))..)).(((......))).................................(((((((...)))))))....((((.......((((....)))))))).................,......((((((......((((((....(((........((((((...........)))))))))....))))))..........))))))..((((((.............))))..)).(((......))).................................(((((((...)))))))...............(((......)))((((((((((.....)))))),BGQ5VNA,error,......((((((......((((((....(((........((((((...........)))))))))....))))))..........))))))..((((((.............))))..)).(((......))).................................(((((((...)))))))....((((.......((((....)))))))).................,Error: TBDB structure refinement failed to predict a terminator structure for this T-Box,-,-,ACGGGCATAGTTTAAAGGTAGAACTAAGGTCTCCAAAACCTTCAGTGTGGGTTCAATTCCTACTGCCCGTG,NZ_GG730100.1.trna9 NZ_GG730100.1:35855-35925 (-) Trp (CCA) 71 bp Sc: 57.8
NFJZ01000011.1:120300-120028,GCAAATGCGAAGAAGGTGTCAGTAGCATTCTGTTTTCCGTCAGAGAGGAAGGGCCGTCGGCTGGAAGCCCGTCCGGGTTCAGACAGAAATGTGAATTTCCCACCGGAGCAGCATTCCTGAACGGGGAGTAGGGAATGACGTTTTCTGCACGTTACGCAGCTTGAGTGTCCGGTGTAAGCCGGGAATCAGGGTGGTACCACGGAATATGAACTTCGTCCCTTTTTATTGGAGACGGAGTTTTTTT,8.6e-25,107.3,0.0,1,223,0.88,0.53,GCAAAUGCGAAGAAGGUG-UCAGUAGCAUUCUG--UUUUCCGUCAGAGAggAAGGGCCGUCgGCUGGAAGCCCGUccg-GGUUCagacAGAAAUGUGAAUUUCCCACCGGAGCAGCAUUCCUGAA-CGGGGAGUAGGGAAUGACGUUUUCuGCACGUUA---CGCAGCUUGAGUGUCCGGUG------UAAGCCGGGAAUCAGGGUGGUACCACGGAAuAUGAaCUUCGUCCCUUUU,"::::::<<------<<<<-------<<<<<<-------<<<--------..<<<<<<____._______>>>>>>...>>>---....-->>>>>>-------->>>>--->>,,<<<<<<<_____________>>>>>>>,<<<____.__>>>,,,,,,,,,,,,,,,,,,,<<<<<<<________>>>>>>>,,,,<<<<-------<<<<<_.____._>>>>>>>>>:::",7,93,101,109,188,220,211,244,97,99,UUC,UUUCC,192,195,UGGU,"[[7, 109], [112, 137], [139, 151], [168, 183], [188, 220]]",-5.6,......((......((((......((((((.....((...........((((((............))))))...)).........))))))........))))...))..(((((((............))))))).(((.......)))................((((((....))))))...........................(((((((((........)).))))))).......,......((......((((......((((((.....((...........((((((............))))))...)).........))))))........))))...))..(((((((............))))))).(((.......)))................((((((....))))))....((((.......(((((........)))))))))........................,GCCCAGATAGCTCAGTTGGTAGAGCAGAGGACTGAAAATCCTCGTGTCGCTGGTTCGATTCCGGCTCTGGGCA,75.9,NZ_NFJZ01000020.1.trna5 NZ_NFJZ01000020.1:27467-27539 (-) Phe (GAA) 73 bp Sc: 75.9,A8OVKIFB,<a href=tboxes/A8OVKIFB.html >A8OVKIFB</a>,PHE,PHE (GAA),https://www.ncbi.nlm.nih.gov/nuccore/NFJZ01000011?report=genbank&from=120028&to=120057&strand=2,<a href=https://www.ncbi.nlm.nih.gov/nuccore/NFJZ01000011?report=genbank&from=120028&to=120057&strand=2>NFJZ01000011</a>,NFJZ01000011,120300,244,120057,115057,120800,%3C%3C%3CT%96Box,trna=TRUE,codon=UUC,disc=UGGU,aa=PHE,-5.6,-10.1,RFAM,https://rfam.xfam.org/family/RF00230,Lachnoclostridium sp. An196,-12.4,phenylalanine--tRNA ligase subunit alpha,gb|OUP17878.1||gnl|WGS:NFJZ|B5F29_13170,,Firmicutes,Clostridia,Clostridiales,Lachnospiraceae,Lachnoclostridium,......((......((((......((((((.....((...........((((((............))))))...)).........))))))........))))...))..(((((((............))))))).(((.......)))................((((((....))))))....((((.......(((((........)))))))))........................, bracket_structure_was_changed changed_some_brackets_to_dots,ACCACGGAATATGAACTTCGTCCCTTTTTATTGGAGACGGAGTTTTTTT,............((((((((((((........)).))))))))))....,-15.7,,AGGGTGGTACCACGGAATATGAACTTCGTCCCTTTTTATTGGAGACGGAGTTTTTTT,((((.......(((((........)))))))))........................,((((.......(((((........)))))))))........................,,....................((((((((((((........)).))))))))))....,-15.7,,.......................(((((((((........)).))))))).......,,GCAAATGCGAAGAAGGTGTCAGTAGCATTCTGTTTTCCGTCAGAGAGGAAGGGCCGTCGGCTGGAAGCCCGTCCGGGTTCAGACAGAAATGTGAATTTCCCACCGGAGCAGCATTCCTGAACGGGGAGTAGGGAATGACGTTTTCTGCACGTTACGCAGCTTGAGTGTCCGGTGTAAGCCGGGAATCAGGGTGGTACCACGGAATATGAACTTCGTCCCTTTTTATTGGAGACGGAGTTTTTTT,......((......((((......((((((.....((...........((((((............))))))...)).........))))))........))))...))..(((((((............))))))).(((.......)))................((((((....))))))....((((.......(((((........)))))))))........................,......((......((((......((((((.....((...........((((((............))))))...)).........))))))........))))...))..(((((((............))))))).(((.......)))................((((((....))))))...........................(((((((((........)).))))))).......,A8OVKIFB,A8OVKIFB,......((......((((......((((((.....((...........((((((............))))))...)).........))))))........))))...))..(((((((............))))))).(((.......)))................((((((....))))))....((((.......(((((........)))))))))........................,......((......((((......((((((.....((...........((((((............))))))...)).........))))))........))))...))..(((((((............))))))).(((.......)))................((((((....))))))...........................(((((((((........)).))))))).......,phenylalanine--tRNA ligase subunit alpha,gb|OUP17878.1||gnl|WGS:NFJZ|B5F29_13170,GCCCAGATAGCTCAGTTGGTAGAGCAGAGGACTGAAAATCCTCGTGTCGCTGGTTCGATTCCGGCTCTGGGCA,NZ_NFJZ01000020.1.trna5 NZ_NFJZ01000020.1:27467-27539 (-) Phe (GAA) 73 bp Sc: 75.9
CP000448.1:923777-924038,TGAAGAAGTAAAGTAGCTTTGTGGAATTATGCAGAGAGGAGATGCCACCGGCTGTAAGCATCTCTATAAGGAAGCGGAGTGAAGTTCACTTCGGAGCACCCGGCTGAAACCCTGGGTAAGTAGGTCGTGGCGGAGCTCTCACCGTTAAAAGGGAGGGGATATCGGATAAACCTGTATCTTTCAAGCGGACCTATAATGGTAAATTGGGTGGTACCGCGGGCAGCAGAAGCTTCTCGTCCCATGAGGATGTGAAGCTTTTTTT,2.4e-17,73.5,0.0,1,244,0.86,0.5,UG----------AAGAAGUAAAGUAGCUUUGUG--GAAUUAUGCAGAGAGGAGAUGCCAccgGCUGUAAgcAUCUCUaUAAGGAAGCGGAGUGAAGUUCACUUCGGAGC-ACCCGGCUGAAAcccuGGGUAAGUAGGUCGUGGCGGAGCUcuCACCGUUAAaagggaggggauaucggauaaaccUGUAUCUUUCAAGCGGA---------CCUAUAAUGGUAAAUUGGGUGGUACCGCGGGCagc---AgaagcuUCUCGUCCCAUGA,"::::::<<------<<<<-------<<<<<<-------<<<--------<<<<<<____..._______..>>>>>>.>>>----->>>>>>-------->>>>--->>,,<<<<<<<____...._________>>>>>>>,<<<____..__>>>,,,,........................,,,,,,,,,,,,,,,<<<<<<<________>>>>>>>,,,,<<<<-------<<<<<_...____......_>>>>>>>>>:::",2,81,89,97,205,241,229,262,85,87,UUC,GUUCA,209,212,UGGU,"[[5, 92], [99, 129], [131, 144], [188, 200], [205, 241]]",-12.4,....((((.......((((((.....(((........((((((................)))))).))).....))))))........))))......(((((((.................))))))).(((........)))...........................................((.........))............................(((((.(((((.....))))).))))).......,....((((.......((((((.....(((........((((((................)))))).))).....))))))........))))......(((((((.................))))))).(((........)))...........................................((.........))....((((.......(((((.(((....))).))))))))).....................,GCCTCGGTAGCTCAGGTGGTAGAGCAGCGGACTGAAAATCCGCGTGTCGGTGGTTCAAGTCCGCCCCGAGGCACCA,79.7,CP000448.1.trna39 CP000448.1:1499963-1500038 (-) Phe (GAA) 76 bp Sc: 79.7,KQAYGHYZ,<a href=tboxes/KQAYGHYZ.html >KQAYGHYZ</a>,PHE,PHE (GAA),https://www.ncbi.nlm.nih.gov/nuccore/CP000448?report=genbank&from=923777&to=924038,<a href=https://www.ncbi.nlm.nih.gov/nuccore/CP000448?report=genbank&from=923777&to=924038>CP000448</a>,CP000448,923777,262,924038,923277,929038,T%96Box%3E%3E%3E,trna=TRUE,codon=UUC,disc=UGGU,aa=PHE,-6.0,-13.2,Vitrechak,https://dx.doi.org/10.1261/rna.819308,Syntrophomonas wolfei subsp. wolfei str. Goettingen G311,-13.7,3-deoxy-D-arabinoheptulosonate-7-phosphate synthase,gb|ABI68130.1||gnl|jgi|Swol_0809,2.5.1.54,Firmicutes,Clostridia,Clostridiales,Syntrophomonadaceae,Syntrophomonas,....((((.......((((((.....(((........((((((................)))))).))).....))))))........))))......(((((((.................))))))).(((........)))...........................................((.........))....((((.......(((((............)))))))))....................., bracket_structure_was_changed changed_some_brackets_to_dots,ACCGCGGGCAGCAGAAGCTTCTCGTCCCATGAGGATGTGAAGCTTTTTTT,...((.....))(((((((((.(((((.....))))).)))))))))...,-19.2,,TGGGTGGTACCGCGGGCAGCAGAAGCTTCTCGTCCCATGAGGATGTGAAGCTTTTTTT,((((.......(((((............))))))))).....................,((((.......(((((.(((....))).))))))))).....................,,...........((.....))(((((((((.(((((.....))))).)))))))))...,-19.2,,........................(((((.(((((.....))))).))))).......,,TGAAGAAGTAAAGTAGCTTTGTGGAATTATGCAGAGAGGAGATGCCACCGGCTGTAAGCATCTCTATAAGGAAGCGGAGTGAAGTTCACTTCGGAGCACCCGGCTGAAACCCTGGGTAAGTAGGTCGTGGCGGAGCTCTCACCGTTAAAAGGGAGGGGATATCGGATAAACCTGTATCTTTCAAGCGGACCTATAATGGTAAATTGGGTGGTACCGCGGGCAGCAGAAGCTTCTCGTCCCATGAGGATGTGAAGCTTTTTTT,....((((.......((((((.....(((........((((((................)))))).))).....))))))........))))......(((((((.................))))))).(((........)))...........................................((.........))....((((.......(((((.(((....))).))))))))).....................,....((((.......((((((.....(((........((((((................)))))).))).....))))))........))))......(((((((.................))))))).(((........)))...........................................((.........))............................(((((.(((((.....))))).))))).......,KQAYGHYZ,KQAYGHYZ,....((((.......((((((.....(((........((((((................)))))).))).....))))))........))))......(((((((.................))))))).(((........)))...........................................((.........))....((((.......(((((.(((....))).))))))))).....................,....((((.......((((((.....(((........((((((................)))))).))).....))))))........))))......(((((((.................))))))).(((........)))...........................................((.........))............................(((((.(((((.....))))).))))).......,3-deoxy-D-arabinoheptulosonate-7-phosphate synthase,gb|ABI68130.1||gnl|jgi|Swol_0809,GCCTCGGTAGCTCAGGTGGTAGAGCAGCGGACTGAAAATCCGCGTGTCGGTGGTTCAAGTCCGCCCCGAGGCACCA,CP000448.1.trna39 CP000448.1:1499963-1500038 (-) Phe (GAA) 76 bp Sc: 79.7
